{"best": {"clamp_min": 0.6055074600365734, "lr_inst_param": 0.0008081322220882792, "sup_eps": 3.0, "tanh_a": 0.4194941252698602, "tanh_p": 1.39776788428863, "tanh_q": -57.0, "wd_inst_param": 0.0948480126248757}, "trials": [{"loss": 5.361040668743799, "best_mae": 5.361040668743799, "params": {"clamp_min": 0.6055074600365734, "lr_inst_param": 0.0008081322220882792, "sup_eps": 3.0, "tanh_a": 0.4194941252698602, "tanh_p": 1.39776788428863, "tanh_q": -57.0, "wd_inst_param": 0.0948480126248757}, "iteration": 1, "train_time": "2:14:40", "status": "ok"}, {"loss": 5.370128666532593, "best_mae": 5.370128666532593, "params": {"clamp_min": 0.5664576091611131, "lr_inst_param": 0.0013309411511382876, "sup_eps": 2.0, "tanh_a": 0.4591153148632453, "tanh_p": 1.2507530319691016, "tanh_q": -62.0, "wd_inst_param": 0.014653363901319896}, "iteration": 2, "train_time": "2:07:58", "status": "ok"}]}