{"best":{"clamp_min": 0.5610712995897812, "lr_inst_param": 0.08079318881173664, "sup_eps": 4.0, "tanh_a": 0.25328447720401703, "tanh_p": 1.9237901296528157, "tanh_q": 81.0, "wd_inst_param": 5.194121605858698e-77}}