{"best": {"clamp_min": 0.07855390412654754, "lr_inst_param": 2.609431898226351, "sup_eps": 3.0, "tanh_a": 0.2739100024784782, "tanh_p": 0.5441169600504865, "tanh_q": 60.0, "wd_inst_param": 4.700959910367085e-33}}