{"best": {"clamp_min": 0.5610712995897812, "lr_inst_param": 0.0006159425456414008, "sup_eps": 4.0, "tanh_a": 0.25328447720401703, "tanh_p": 1.9237901296528157, "tanh_q": -53.0, "wd_inst_param": 2.7371825613704693e-06}, "trials": [{"loss": 9.444842348240522, "best_mae": 9.444842348240522, "params": {"clamp_min": 0.5610712995897812, "lr_inst_param": 0.0006159425456414008, "sup_eps": 4.0, "tanh_a": 0.25328447720401703, "tanh_p": 1.9237901296528157, "tanh_q": -53.0, "wd_inst_param": 2.7371825613704693e-06}, "iteration": 1, "train_time": "21:41:25", "status": "ok"}, {"loss": 9.818906614145726, "best_mae": 9.818906614145726, "params": {"clamp_min": 0.08801667084049317, "lr_inst_param": 0.003871643932915856, "sup_eps": 3.0, "tanh_a": 0.15825735815900696, "tanh_p": 1.065337814260785, "tanh_q": -78.0, "wd_inst_param": 0.0016438794055244794}, "iteration": 2, "train_time": "2:19:06", "status": "ok"}]}