{"best": {
    "clamp_min": 0.45876527738366035,
    "lr_inst_param": 5.1124166427180775,
    "sup_eps": 3.0,
    "tanh_a": 0.2607869113064585,
    "tanh_p": 0.681377587374163,
    "tanh_q": 5.0,
    "wd_inst_param": 4.370832298266967e-31
}}