{"best": {"clamp_min": 0.07855390412654754, "lr_inst_param": 2.609431898226351, "sup_eps": 3.0, "tanh_a": 0.2739100024784782, "tanh_p": 0.5441169600504865, "tanh_q": 60.0, "wd_inst_param": 4.700959910367085e-33}, "trials": [{"loss": -93.38, "best_acc": 93.38, "params": {"clamp_min": 0.5610712995897812, "lr_inst_param": 0.08079318881173664, "sup_eps": 4.0, "tanh_a": 0.25328447720401703, "tanh_p": 1.9237901296528157, "tanh_q": 81.0, "wd_inst_param": 5.194121605858698e-77, "ITERATION": 1}, "iteration": 1, "train_time": "7:51:20", "status": "ok"}, {"loss": -93.25, "best_acc": 93.25, "params": {"clamp_min": 0.08801667084049317, "lr_inst_param": 5.551547052832183, "sup_eps": 3.0, "tanh_a": 0.15825735815900696, "tanh_p": 1.065337814260785, "tanh_q": 44.0, "wd_inst_param": 3.6463155706337214e-31, "ITERATION": 2}, "iteration": 2, "train_time": "7:49:35", "status": "ok"}, {"loss": -93.65, "best_acc": 93.65, "params": {"clamp_min": 0.07855390412654754, "lr_inst_param": 2.609431898226351, "sup_eps": 3.0, "tanh_a": 0.2739100024784782, "tanh_p": 0.5441169600504865, "tanh_q": 60.0, "wd_inst_param": 4.700959910367085e-33, "ITERATION": 3}, "iteration": 3, "train_time": "7:50:12", "status": "ok"}]}