{"best": {"clamp_min": 0.5664576091611131, "lr_inst_param": 0.0013309411511382876, "sup_eps": 2.0, "tanh_a": 0.4591153148632453, "tanh_p": 1.2507530319691016, "tanh_q": -62.0, "wd_inst_param": 0.014653363901319896}, "trials": [{"loss": 5.777223422982119, "best_mae": 5.777223422982119, "params": {"clamp_min": 0.6055074600365734, "lr_inst_param": 0.0008081322220882792, "sup_eps": 3.0, "tanh_a": 0.4194941252698602, "tanh_p": 1.39776788428863, "tanh_q": -57.0, "wd_inst_param": 0.0948480126248757}, "iteration": 1, "train_time": "5:51:38", "status": "ok"}, {"loss": 5.730967486803527, "best_mae": 5.730967486803527, "params": {"clamp_min": 0.5664576091611131, "lr_inst_param": 0.0013309411511382876, "sup_eps": 2.0, "tanh_a": 0.4591153148632453, "tanh_p": 1.2507530319691016, "tanh_q": -62.0, "wd_inst_param": 0.014653363901319896}, "iteration": 2, "train_time": "3:29:16", "status": "ok"}]}